{
  "transacao": [
    {
      "comprador_id": "andre@origamid.com",
      "vendedor_id": "andre@origamid.com",
      "product": {
        "id": "notebook",
        "nome": "Notebook",
        "usuario_id": "andre@origamid.com",
        "preco": "4999",
        "vendido": "false",
        "descricao": "Esse é um novo notebook.",
        "fotos": null
      },
      "address": {
        "cep": "12345678",
        "bairro": "Lero lero"
      },
      "id": 1
    },
    {
      "comprador_id": "andre@origamid.com",
      "vendedor_id": "andre@origamid.com",
      "product": {
        "id": "tablet",
        "nome": "Tablet",
        "usuario_id": "andre@origamid.com",
        "preco": "1399",
        "vendido": "false",
        "descricao": "Esse é um novo tablet.",
        "fotos": null
      },
      "address": {
        "cep": "12345678",
        "street": "street Ali Perto",
        "number": "150",
        "bairro": "Lero lero",
        "city": "Rio de Janeiro",
        "state": "RJ"
      },
      "id": 2
    },
    {
      "comprador_id": "teste@email.com",
      "vendedor_id": "andre@origamid.com",
      "product": {
        "id": "smartphone",
        "nome": "Smartphone",
        "usuario_id": "andre@origamid.com",
        "preco": "1999",
        "vendido": "false",
        "descricao": "Esse é um novo smartphone.",
        "fotos": null
      },
      "address": {
        "cep": "03268160",
        "street": "Rua Correia da Câmara",
        "number": "139",
        "bairro": "Vila Tolstoi",
        "city": "São Paulo",
        "state": "SP"
      },
      "id": 3
    }
  ],
  "usuario": [
    {
      "id": "andre@origamid.com",
      "name": "André Rafael",
      "email": "andre@origamid.com",
      "password": "123",
      "cep": "12345678",
      "street": "street Ali Perto",
      "number": "150",
      "bairro": "Lero lero",
      "city": "Rio de Janeiro",
      "state": "RJ"
    },
    {
      "id": "vinicius@origamid.com",
      "email": "vinicius@origamid.com",
      "name": "Vinicius",
      "password": "123",
      "street": "street Ali Perto",
      "cep": "12345678",
      "number": "25",
      "state": "RJ",
      "city": "Rio de Janeiro"
    },
    {
      "id": "email@email.com",
      "name": "Fulano",
      "email": "email@email.com",
      "password": "123",
      "cep": "03268160",
      "street": "street Correia da Câmara",
      "number": "139",
      "bairro": "Vila Tolstoi",
      "city": "São Paulo",
      "state": "SP"
    },
    {
      "id": "email2@email.com",
      "name": "Fulano Lero",
      "email": "email2@email.com",
      "password": "123",
      "cep": "03268160",
      "street": "street Correia da Câmara",
      "number": "139",
      "bairro": "Vila Tolstoi",
      "city": "São Paulo",
      "state": "SP"
    },
    {
      "id": "lero@email.com",
      "name": "Lero Lero",
      "email": "lero@email.com",
      "password": "123",
      "cep": "05056000",
      "street": "street Tonelero",
      "number": "69",
      "bairro": "Vila Ipojuca",
      "city": "São Paulo",
      "state": "SP"
    },
    {
      "id": "teste@email.com",
      "name": "John Doe",
      "email": "teste@email.com",
      "password": "123",
      "cep": "03268160",
      "street": "Rua Correia da Câmara",
      "number": "139",
      "bairro": "Vila Tolstoi",
      "city": "São Paulo",
      "state": "SP"
    }
  ],
  "produto": [
    {
      "id": "smartphone",
      "nome": "Smartphone",
      "usuario_id": "andre@origamid.com",
      "preco": "1999",
      "vendido": "false",
      "descricao": "Esse é um novo smartphone.",
      "fotos": null
    },
    {
      "id": "tablet",
      "nome": "Tablet",
      "usuario_id": "andre@origamid.com",
      "preco": "1399",
      "vendido": "false",
      "descricao": "Esse é um novo tablet.",
      "fotos": null
    },
    {
      "id": "notebook",
      "nome": "Notebook",
      "usuario_id": "andre@origamid.com",
      "preco": "4999",
      "vendido": "false",
      "descricao": "Esse é um novo notebook.",
      "fotos": null
    },
    {
      "id": "smartphone",
      "nome": "Smartphone",
      "usuario_id": "andre@origamid.com",
      "preco": "1999",
      "vendido": "false",
      "descricao": "Esse é um novo smartphone.",
      "fotos": null
    },
    {
      "id": "tablet",
      "nome": "Tablet",
      "usuario_id": "andre@origamid.com",
      "preco": "1399",
      "vendido": "false",
      "descricao": "Esse é um novo tablet.",
      "fotos": null
    },
    {
      "id": "notebook",
      "nome": "Notebook",
      "usuario_id": "andre@origamid.com",
      "preco": "4999",
      "vendido": "false",
      "descricao": "Esse é um novo notebook.",
      "fotos": null
    },
    {
      "id": "smartphone",
      "nome": "Smartphone",
      "usuario_id": "andre@origamid.com",
      "preco": "1999",
      "vendido": "false",
      "descricao": "Esse é um novo smartphone.",
      "fotos": null
    },
    {
      "id": "tablet",
      "nome": "Tablet",
      "usuario_id": "andre@origamid.com",
      "preco": "1399",
      "vendido": "false",
      "descricao": "Esse é um novo tablet.",
      "fotos": null
    },
    {
      "id": "notebook",
      "nome": "Notebook",
      "usuario_id": "andre@origamid.com",
      "preco": "4999",
      "vendido": "false",
      "descricao": "Esse é um novo notebook.",
      "fotos": null
    },
    {
      "id": "smartphone",
      "nome": "Smartphone",
      "usuario_id": "andre@origamid.com",
      "preco": "1999",
      "vendido": "false",
      "descricao": "Esse é um novo smartphone.",
      "fotos": null
    },
    {
      "id": "tablet",
      "nome": "Tablet",
      "usuario_id": "andre@origamid.com",
      "preco": "1399",
      "vendido": "false",
      "descricao": "Esse é um novo tablet.",
      "fotos": null
    },
    {
      "id": "notebook",
      "nome": "Notebook",
      "usuario_id": "andre@origamid.com",
      "preco": "4999",
      "vendido": "false",
      "descricao": "Esse é um novo notebook.",
      "fotos": null
    },
    {
      "id": "smartphone",
      "nome": "Smartphone",
      "usuario_id": "andre@origamid.com",
      "preco": "1999",
      "vendido": "false",
      "descricao": "Esse é um novo smartphone.",
      "fotos": null
    },
    {
      "id": "tablet",
      "nome": "Tablet",
      "usuario_id": "andre@origamid.com",
      "preco": "1399",
      "vendido": "false",
      "descricao": "Esse é um novo tablet.",
      "fotos": null
    },
    {
      "id": "notebook",
      "nome": "Notebook",
      "usuario_id": "andre@origamid.com",
      "preco": "4999",
      "vendido": "false",
      "descricao": "Esse é um novo notebook.",
      "fotos": null
    },
    {
      "id": "smartphone",
      "nome": "Smartphone",
      "usuario_id": "andre@origamid.com",
      "preco": "1999",
      "vendido": "false",
      "descricao": "Esse é um novo smartphone.",
      "fotos": null
    },
    {
      "id": "tablet",
      "nome": "Tablet",
      "usuario_id": "andre@origamid.com",
      "preco": "1399",
      "vendido": "false",
      "descricao": "Esse é um novo tablet.",
      "fotos": null
    },
    {
      "id": "notebook",
      "nome": "Notebook",
      "usuario_id": "andre@origamid.com",
      "preco": "4999",
      "vendido": "false",
      "descricao": "Esse é um novo notebook.",
      "fotos": null
    },
    {
      "id": "smartphone",
      "nome": "Smartphone",
      "usuario_id": "andre@origamid.com",
      "preco": "1999",
      "vendido": "false",
      "descricao": "Esse é um novo smartphone.",
      "fotos": null
    },
    {
      "id": "tablet",
      "nome": "Tablet",
      "usuario_id": "andre@origamid.com",
      "preco": "1399",
      "vendido": "false",
      "descricao": "Esse é um novo tablet.",
      "fotos": null
    },
    {
      "id": "notebook",
      "nome": "Notebook",
      "usuario_id": "andre@origamid.com",
      "preco": "4999",
      "vendido": "false",
      "descricao": "Esse é um novo notebook.",
      "fotos": null
    },
    {
      "id": "smartphone",
      "nome": "Smartphone",
      "usuario_id": "andre@origamid.com",
      "preco": "1999",
      "vendido": "false",
      "descricao": "Esse é um novo smartphone.",
      "fotos": null
    },
    {
      "id": "tablet",
      "nome": "Tablet",
      "usuario_id": "andre@origamid.com",
      "preco": "1399",
      "vendido": "false",
      "descricao": "Esse é um novo tablet.",
      "fotos": null
    },
    {
      "id": "notebook",
      "nome": "Notebook",
      "usuario_id": "andre@origamid.com",
      "preco": "4999",
      "vendido": "false",
      "descricao": "Esse é um novo notebook.",
      "fotos": null
    },
    {
      "id": "smartphone",
      "nome": "Smartphone",
      "usuario_id": "andre@origamid.com",
      "preco": "1999",
      "vendido": "false",
      "descricao": "Esse é um novo smartphone.",
      "fotos": null
    },
    {
      "id": "tablet",
      "nome": "Tablet",
      "usuario_id": "andre@origamid.com",
      "preco": "1399",
      "vendido": "false",
      "descricao": "Esse é um novo tablet.",
      "fotos": null
    },
    {
      "id": "notebook",
      "nome": "Notebook",
      "usuario_id": "andre@origamid.com",
      "preco": "4999",
      "vendido": "false",
      "descricao": "Esse é um novo notebook.",
      "fotos": null
    },
    {
      "id": "smartphone",
      "nome": "Smartphone",
      "usuario_id": "andre@origamid.com",
      "preco": "1999",
      "vendido": "false",
      "descricao": "Esse é um novo smartphone.",
      "fotos": null
    },
    {
      "id": "tablet",
      "nome": "Tablet",
      "usuario_id": "andre@origamid.com",
      "preco": "1399",
      "vendido": "false",
      "descricao": "Esse é um novo tablet.",
      "fotos": null
    },
    {
      "id": "notebook",
      "nome": "Notebook",
      "usuario_id": "andre@origamid.com",
      "preco": "4999",
      "vendido": "false",
      "descricao": "Esse é um novo notebook.",
      "fotos": null
    },
    {
      "id": "smartphone",
      "nome": "Smartphone",
      "usuario_id": "andre@origamid.com",
      "preco": "1999",
      "vendido": "false",
      "descricao": "Esse é um novo smartphone.",
      "fotos": null
    },
    {
      "id": "tablet",
      "nome": "Tablet",
      "usuario_id": "andre@origamid.com",
      "preco": "1399",
      "vendido": "false",
      "descricao": "Esse é um novo tablet.",
      "fotos": null
    },
    {
      "id": "notebook",
      "nome": "Notebook",
      "usuario_id": "andre@origamid.com",
      "preco": "4999",
      "vendido": "false",
      "descricao": "Esse é um novo notebook.",
      "fotos": null
    },
    {
      "id": "smartphone",
      "nome": "Smartphone",
      "usuario_id": "andre@origamid.com",
      "preco": "1999",
      "vendido": "false",
      "descricao": "Esse é um novo smartphone.",
      "fotos": null
    },
    {
      "id": "tablet",
      "nome": "Tablet",
      "usuario_id": "andre@origamid.com",
      "preco": "1399",
      "vendido": "false",
      "descricao": "Esse é um novo tablet.",
      "fotos": null
    },
    {
      "name": "Tablet",
      "price": "2345",
      "description": "Esse é um tablet novo.",
      "photos": null,
      "usuario_id": "email@email.com",
      "id": "iDbDxcy"
    },
    {
      "name": "Tablet",
      "price": "2345",
      "description": "Esse é um tablet novo.",
      "photos": null,
      "usuario_id": "email@email.com",
      "nome": "awdawdawdawd",
      "preco": "1256",
      "descricao": "awdawdawd",
      "id": "0QBcwbG"
    },
    {
      "name": "Tablet",
      "price": "2345",
      "description": "Esse é um tablet novo.",
      "photos": null,
      "usuario_id": "email@email.com",
      "nome": "Tablet",
      "preco": "2564",
      "descricao": "Lero",
      "id": "LrWZUvq"
    },
    {
      "name": "Tablet",
      "price": "2345",
      "description": "Esse é um tablet novo.",
      "photos": null,
      "usuario_id": "email@email.com",
      "nome": "Tablet",
      "preco": "2564",
      "descricao": "Lero",
      "id": "U7y7fDV"
    }
  ]
}
